,Hotel name,Hotel Description
0,Room in Faridabad,Home at the top
1,Room in New Delhi,The suite 21
2,Flat in New Delhi,2 BHK Gem by Hauz Khas Fort - Delhi's Heritage!
3,Room in New Delhi,Private Room in New Delhi
4,Room in New Delhi,An Artist's Abode
5,Room in New Delhi,"Large, cheerful pvt room, in Lajpat Nagar bungalow"
6,Flat in Gurugram,Studio Apartment | DLF CyberCity
7,Home in New Delhi,3bed 3bath|Prime Location|Airport-20min|SouthDelhi
8,Hotel room in New Delhi,Room for 3 near  New Delhi Station & City Centre3
9,Room in Delhi,Nestorest Homestay
10,Room in Faridabad,Bougainvillea
11,Boutique hotel in Gurugram,Only premium rooms nearby HUDA metro with bathtubs
12,Home in Faridabad,Parn Kuteer (Seema's Place)
13,Boutique hotel in Gurugram,lavish 2bhk with terrace for party & get together.
14,Flat in New Delhi,family studio apartment
15,Room in New Delhi,For Female Travellers (as Primary Guests).
16,Home in New Delhi,‚ù§Ô∏è Independent 3BHK‚ù§Ô∏èGK 2 | Excellent Safe Location
17,Apartment in Gurugram,2-BHK Flat with all amenities
18,Flat in New Delhi,family studio apartment
19,Room in New Delhi,"Homestay, at AirB'nB host family in Sarita Vihar."
20,Hotel in New Delhi,home feeling stay near airport
21,Guest suite in New Delhi,Long Stay Near Sez Udyog Vihar / Delhi Airport c
22,Bed and breakfast in Gurugram,Reebah Inn & Suites
23,Home in Gurugram,Beautiful House near Golf Course Road
24,Room in New Delhi,Peaceful Home stay stay in New Delhi | Superhost
25,Bed and breakfast in New Delhi,Gracious by Vishesh Hotels & Home Stay-2
26,Room in New Delhi,Beautiful warm home away from home
27,Flat in Noida,Nest for Two: Stylish studio
28,Room in Gurgaon,Lavish Room with Bathtub
29,Hotel room in New Delhi,"4 Bed AC Room Aircon nr New Delhi stn, CP & VFS"
30,Room in New Delhi,Erica's Place 2 - Spacious room in South Delhi
31,Room in Delhi,Old Delhi indulgence
32,Boutique hotel in Delhi,"Twenties Kamla Nagar,
Next to Hansraj College"
33,Flat in New Delhi,Enbliss: Apartment in a Bungalow in South Delhi
34,Boutique hotel in New Delhi,Bo-Teak Private floor - Dwarka
35,Guest suite in New Delhi,5 star living with jacuzzi N Steam Bath
36,Room in New Delhi,Hotel stay in karol bagh-5mins walk from metro
37,Room in New Delhi,Gulmohar Park House with view
38,Room in New Delhi,For Female Travellers (as Primary Guests).
39,Room in New Delhi,The Library Room@JungleMeiMangal
40,Room in Gurugram,W BLOCK 2A/3
41,Room in Delhi,Architect's Haveli - Krishna Lodge
42,Place to stay in New Delhi,MOHANS-HOME AWAY FROM HOME
43,Flat in New Delhi,Heritage Apt 2@ Hauz Khas Village
44,Flat in New Delhi,Lake View Luxury Apartment @ Hauz Khas Village
45,Room in New Delhi,Oasis B&B Central Delhi
46,Room in New Delhi,Artsy Luxurious room in SDA Wifi|Living|Kitchen
47,Room in New Delhi,Excellency homestay Cosy BnB
48,Flat in New Delhi,The Royal Heritage @hkv
49,Flat in New Delhi,"Super Convenient 3BED.Quite, green & lots of light"
50,Room in New Delhi,"Large, Safe BD, 5 min Metro, Free fast WiFi #1"
51,Hotel room in New Delhi,"Private Room nr New Delhi stn, City Centre & VFS"
52,Apartment in New Delhi,Vasant Kunj : Studio Apartment: Near Airport
53,Flat in New Delhi,Artists pad. A getaway from the chaos.
54,Flat in New Delhi,Nirvana with jacuzzi
55,Flat in New Delhi,The Royal Heritage @hkv
56,Home in New Delhi,"JACUZZI, STUNNING1BR ,TERRACE, LOCATION ‚ù§Ô∏èüåàü¶Æ"
57,Flat in New Delhi,Heritage Apt 2@ Hauz Khas Village
58,Room in New Delhi,For Female Travellers (as Primary Guests).
59,Hotel room in New Delhi,Standard AC Room with External Adjacent Bathroom
60,Home in New Delhi,1 Bedroom Residential Sweet Home in heart of Delhi
61,Room in New Delhi,Oasis B&B Central Delhi
62,Flat in New Delhi,Luxurious South Delhi 3 Bed Room Apartment
63,Room in Gurgaon,Homestay
64,Apartment in New Delhi,Uptown Abode
65,Hotel room in New Delhi,Private Room near New Delhi Station & City Centre
66,Holiday home in New Delhi,Studio apartment with common terrace
67,Apartment in New Delhi,Luxury Jacuzzi Spa Tub 1BHK Suite South Delhi (11)
68,Boutique hotel in Shahabad Muhammadpur,PrivateRoom with International Airport View
69,Flat in New Delhi,A Modern Scandinavian 3 Bedroom
70,Room in New Delhi,Luxurious King Bedroom in Gated Colony Near Metro
71,Home in New Delhi,A 1BHK Cosy (& Sanitized) Home with a Terrace
72,Home in New Delhi,Full service apartment. A home away from home
73,Apartment in New Delhi,2 bedroom designer home in GK1
74,Flat in New Delhi,"Modern Private Studio Apt. w/Wifi, Lift & KingBed"
75,Room in New Delhi,Chic & Retro style room| Common living & Terrace
76,Apartment in New Delhi,Bliss -The studio apartment with lift
77,Room in New Delhi,"Homestay, at AirB'nB host family in Sarita Vihar."
78,Flat in New Delhi,"3bdrm in GK2, private car service, fast internet."
79,Apartment in New Delhi,Vasant Kunj Studio Apartment: Near Airport
80,Room in New Delhi,Comfortable homestay in south delhi
81,Guest house in New Delhi,Vasant Kunj - A ROOM WITH A  VIEW ! and WHOLE ROOF
82,Room in New Delhi,Private Room in South Delhi
83,Room in New Delhi,THAT ROOM ON TERRACE || GREEN PARK METRO || 30MBPS
84,Room in New Delhi,Cozy and comfortable room in a nice apartment.
85,Flat in New Delhi,Jimmy Homes - New Delhi
86,Flat in New Delhi,Nirvana with jacuzzi
87,Flat in New Delhi,Safe Turkey studio Vasant Kunj near mall airport ‡•ê
88,Room in New Delhi,Mint 1 - A Boutique Stylish En-Suite Room w/ WIFI
89,Flat in New Delhi,Cozy and Modern Studio Retreat
90,Flat in New Delhi,New Delhi|Airport|Alexa|Parking|Smart TV|kitchen
91,Bed and breakfast in Gurugram,Reebah Inn & Suites - 2
92,Home in New Delhi,Ipshita lovely House~Day&Night Stay
93,Room in Gurugram,FlxHo Horizon 3 - Superior Room @Golf Course Rd
94,Flat in New Delhi,Budget stay in Saidulajaib
95,Flat in New Delhi,Luxury Apartment with 2 bedrooms
96,Flat in New Delhi,Spacious Apartment in C R Park
97,Flat in Gurugram,Private Studio Apartment @ DLF CyberCity
98,Flat in New Delhi,Independent 2BHK‚ù§Ô∏è + Balcony| GK2| Serene Park View
99,Room in Delhi,Charu‚Äôs Haven
100,Hotel in Delhi,specious Bedrooms with washroom
101,Home in New Delhi,3 Bed Room in B Block GK1 - 5 mins to M Block
102,Hotel room in New Delhi,Private Room near New Delhi Station & City Centre
103,Flat in New Delhi,Nagpal Studio-2|Chattarpur Encl.
104,Flat in New Delhi,Enbliss: Ground Floor in a bungalow in South Delhi
105,Flat in Gurugram,Sector 45: Studio Apt (206)
106,Apartment in New Delhi,Bully and pams home
107,Flat in Gurugram,Sector 45: 1 BHK Apt (204)
108,Room in New Delhi,Double Bed with Breakfast in Delhi
109,Home in New Delhi,Yogoda Penthouse
110,Room in New Delhi,Room in Safe & Quiet hood w/WiFi|Bfast|near Metro
111,Flat in New Delhi,"Edith's lodging - Munirka, South Delhi"
112,Shared room in New Delhi,AmigosIndia
113,Room in Delhi,Charming B&B located in South Delhi
114,Room in New Delhi,"The Rouge Room: Bright,cosy & clean"
115,Apartment in Gurugram,"Ardee City Heart of Gurugram 
Security & Comfort"
116,Place to stay in New Delhi,Under My Roof Classic Private Room @Green Park Mkt
117,Home in New Delhi,"Isckon Temple , East of Kailash , N-Delhi"
118,Flat in New Delhi,Isolated private studio apartment with AC
119,Apartment in New Delhi,Luxury Jacuzzi Spa Tub 1BHK Suite South Delhi (11)
120,Apartment in Noida,#1PvtStudioKitchnBath_CentrNoidaDelhiNCR_Metro650m
121,Home in New Delhi ,ADB Vibes - Your home away from home
122,Apartment in New Delhi,"BrandNew,Artistic Space Minutes to IndiaGateü¶Æ"
123,Apartment in New Delhi,Luxurious 2 bedroom apartment in south delhi
124,Room in Delhi,Goel's Nest...
125,Flat in New Delhi,Amma's Place
126,Apartment in New Delhi,"Modern 2 Bedroom Appartment, Vasant Vihar"
127,Flat in New Delhi,Premium Luxurious 2BHK w/ huge Livingroom (14)
128,Apartment in New Delhi,Living By The Greens (Ground Floor)
129,Apartment in Noida,#1PvtStudioKitchnBath_CentrNoidaDelhiNCR_Metro650m
130,Flat in New Delhi,"Wild Walk Luxury Stay, 2Bhk Private Villa W/AC+BT"
131,Room in New Delhi,Nina Kochhar's Homestay
132,Place to stay in New Delhi,Under My Roof Superio Private Room @Green Park Mkt
133,Place to stay in New Delhi,Private Ensuite South Delhi with Indian Breakfast
134,Room in New Delhi,Arty/Cosy Nook 2 mts from Metro Station
135,Flat in New Delhi,Harphool Nivas 3@ Hauz Khas Village
136,Flat in New Delhi,5Star Independent Studio in South Delhi Nblock GK1
137,Place to stay in New Delhi,Room 1:-Beautiful room With terrace access
138,Room in New Delhi,"Standard Room 3, central and safe"
139,Room in New Delhi,BnB in South Delhi - Elegant | Secure | Central
140,Farm stay in Gurugram,Delightful farmhouse with pool and tent.
141,Apartment in Delhi,Beautiful luxury Flat with Metro view Near Airport
142,Flat in New Delhi,Aircon - CP 24/7 Security - Charm - Balcony
143,Room in New Delhi,Anuraag's PurnTosh Elements
144,Apartment in Delhi,Beautiful luxury Flat with Metro view Near Airport
145,Place to stay in New Delhi,Couple-friendly + southdelhi +Moolchand metro 1
146,Flat in New Delhi,Sunshine and Rainbows
147,Room in New Delhi,"Homestay, at AirB'nB host family in Sarita Vihar."
148,Apartment in New Delhi,Vasant Kunj Studio Apartment: Near Airport
149,Flat in New Delhi,"Edith's lodging - Munirka, South Delhi"
150,Place to stay in New Delhi,Beautiful R6om with attached balcony
151,Room in New Delhi,"""Niro"" - A Serene and Spacious Private Room in GK2"
152,Room in Noida,ShortStay Standard
153,Flat in New Delhi,"2-Bedroom floor in South Delhi , GK 1 - 2nd floor"
154,Place to stay in New Delhi,~NEW~ Cozy Stay in South Delhi w/ Private Bathroom
155,Flat in New Delhi,Independent Unit - Bedroom | Living Room | Balcony
156,Room in Delhi,A home away from home.
157,Room in New Delhi,Room in Safe & Quiet hood w/WiFi|Bfast|near Metro
158,Apartment in New Delhi,Bully and pams home
159,Guest house in New Delhi,Elegant and Cozy Studio Apartment- 2
160,Room in New Delhi,Erica's Place  1 -  Large room in South Delhi
161,Flat in New Delhi,Studio located in the SAFEST part of town.
162,Boutique hotel in New Delhi,Embassy house
163,Place to stay in New Delhi,South View Apartments at Nehru Place
164,Flat in New Delhi,Couple Friendly 1BHK apartment in Jangpura Extn
165,Flat in New Delhi,Boutique Indian Apartment on First (Upper) Floor
166,Apartment in New Delhi,WOW House 2 Bedroom & Drawing-room Kitchen Balcony
167,Flat in New Delhi,D‚Äôs Bird Sanctuary - Ostrich
168,Hotel in Gurugram,Super Luxury Room with Bathtub - Premium Location
169,Flat in New Delhi,Comfy Flat near Metro & Airport.
170,Room in New Delhi,5rooms with party hall near udyog vihar & cyberhub
171,Villa in New Delhi,Green Avenue Luxury Stays
172,Tiny home in New Delhi,Sunrise homes 2
173,Apartment in New Delhi,Presidential Suite  2BHK (newly renovated)
174,Room in Noida,Cosy private room with  bathroom in a big house
175,Flat in New Delhi,small gathering studio apartment
176,Flat in Gurugram,1BHK Service Apartment Nr Cyber Hub @ Sterling
177,Room in Noida,HomeStay Premium for Professionals
178,Room in New Delhi,Your hideout : )
179,Hotel in New Delhi,Classic room - Near Delhi Aerocity Metro
180,Flat in New Delhi,4 Bedroom Apartment - Jasmine (Couple Friendly)
181,Farm stay in New Delhi,Nirvair Farmhouse | Private villa
182,Apartment in New Delhi,Beautiful Central Delhi House
183,Room in Gurugram,Private Room with Terrace at Bagichi House
184,Flat in Gurugram,18.Lux spacious 1bhk by instay
185,Flat in New Delhi,Amma's Place
186,Flat in New Delhi,Sunshine and Rainbows
187,Apartment in New Delhi,Luxury Jacuzzi Spa Tub 1BHK Suite South Delhi (11)
188,Home in Faridabad,Ivy House- Feels like Home
189,Flat in New Delhi,Peaceful Park View Apartment near Delhi Airport
190,Room in New Delhi,Home for comfortable stay.
191,Holiday home in New Delhi,Studio apartment with common terrace
192,Flat in New Delhi,Sufiyana * Nest
193,Flat in New Delhi,Prism Pristine| Penthouse 1BHK+Posh South Delhi
194,Room in New Delhi,Sunrise View BedRoom*Pvt Bath/Balcony*City Centre
195,Room in New Delhi,Artistic Boutique Room with kitchen in New Delhi
196,Apartment in New Delhi,Affordable & Luxury 3BHK South Delhi (Projector)
197,Flat in New Delhi,Harphool Nivas 3@ Hauz Khas Village
198,Apartment in Gurugram,Luxurious Studio Suite @ Gurgaon
199,Flat in Gurugram,LUXURY 2-room fully furnished Serviced Appt
200,Room in New Delhi,Artsy Luxurious room in SDA Wifi|Living|Kitchen
201,Villa in Delhi,Beautiful 3BHK for Private Parties in Punjabi Bagh
202,Flat in New Delhi,Blissville - 204
203,Room in New Delhi,2 Ac rooms for 3-4 ppl SAKET MALVIYA METRO Max
204,Flat in New Delhi,3BD WOW!so quiet yet so convenient. 3 min to metro
205,Flat in Gurugram,Lotus apartment By S2L
206,Flat in New Delhi,First floor 1RK in Saidulajaib
207,Flat in New Delhi,"Super Convenient 3BED.Quite, green & lots of light"
208,Apartment in Noida,#2PvtStudioKitchnBath_CentrNoidaDelhiNCR_Metro650m
209,Bed and breakfast in Noida,The Horizon Inn Boutique Hotel
210,Place to stay in New Delhi,"Bohemian En-Suite Room with WIFI, Terrace & Living"
211,Hotel room in New Delhi,A Bright & Cozy Modern room with Tv & Wifi
212,Bed and breakfast in Gurugram,Reebah Inn & Suites - 6
213,Flat in Delhi,Glamorous 3 BHK apartment in west Delhi
214,Flat in New Delhi,Modern 2 Bedroom Apartment for Perfect Stay
215,Flat in Gurugram,1BHK Serviced Apartment @Galleria Market
216,Flat in New Delhi,"Serene Apartment 1 in GK-1 
Luxury Apartment"
217,Place to stay in New Delhi,Grand Sunset Condos - I
218,Room in New Delhi,Nanda Delhi Home
219,Room in New Delhi,Monuments View - Hauz Khas Village
220,Room in New Delhi,1 lovely private bedroom with attached bathroom
221,Home in New Delhi,#001 Spacious Room near Pulbangash Metro Station
222,Apartment in New Delhi,"The family Stay

Entire Appartment"
223,Room in New Delhi,Gracious by Vishesh Hotels & Home Stay Listing 4
224,Apartment in New Delhi,Vasant Kunj Studio Apartment: Near Airport
225,Room in Noida,Roohaani
226,Room in New Delhi,"Pvt Room, Safe location , Free WIFI, 2 mins Metro"
227,Flat in New Delhi,Enbliss: Apartment in a Bungalow in South Delhi
228,Flat in New Delhi,Comfortable HomeStay with Yoga room and Breakfast
229,Apartment in New Delhi,Cineplex Galaxy- One of a kind movie experience
230,Room in New Delhi,Classic Beauty 1 bedroom no parking
231,Room in New Delhi,Spacious Bedroom with Terrace garden 2
232,Place to stay in New Delhi,Old school  [with small Balcony]
233,Room in New Delhi,F18 India bnb - Charming bedroom  - Room 4
234,"Guest suite in New Delhi, Delhi, IN",3 Room Ind. Dream Suite. A Home away from Home!!
235,Flat in New Delhi,"Minimalistic Studio apptt. ""15 minutes to airport"""
236,Apartment in New Delhi,Comfortable Studio Apartment near Airport Dwarka
237,Flat in New Delhi,1  room kitchen with tiny balcony
238,Flat in New Delhi,Private room ensuite bathroom
239,Hotel room in New Delhi,Standard AC Room with External Adjacent Bathroom
240,Home in New Delhi,#001 Spacious Room near Pulbangash Metro Station
241,Flat in New Delhi,Airport|Peacefulhuts|402|Alexa
242,Room in New Delhi,Erica's Place  1 -  Large room in South Delhi
243,Flat in New Delhi,Boutique Indian Apartment on First (Upper) Floor
244,Room in New Delhi,Classic Beauty 1 bedroom no parking
245,Room in New Delhi,Nina Kochhar's Homestay
246,Holiday home in New Delhi,Gorgeous PentHouseTerrace withJacuzzi by BoBostays
247,Room in New Delhi,The Living Room - Bnb
248,Flat in New Delhi,MES Secret Hide-Out Beautiful Terrace w/ Jacuzzi
249,Flat in New Delhi,"Stylish Apt. w/ Lift ,WiFi & King Bed‚òÖFREE PARKING"
250,Flat in New Delhi,‚òÖSanitized ‚òÖ Lift ‚òÖTOP Floor ‚òÖSafe‚òÖ2 min Metro
251,Room in New Delhi,Superior room in Safdarjung Enclave
